<?xml version="1.0" encoding="utf-8"?>
<module>
	<name>Content</name>
	<version>1.2.1</version>
	<description></description>
	<data>27.04.2012</data>
</module>
<!--
История версий:

1.2.1
Добавился метод getDataXML()
При инсталяции в клиент теперь указывается реальное имя модуля

1.2
Добавлен аякс ответ на запрос инфы о Fileе

1.1
Добавлена галерея изображений (без интерфейса подключения)

-->