<?xml version="1.0" encoding="utf-8"?>
<data>
	<!-- Форма редактирования -->
	<form id="form_edit" title="Edit this section" method="post" autocheck="autocheck" baseURI="mysql://default/%TABLE%?section=%SECTION%&amp;module=%CONFIG_MODULE%&amp;id_article=%ROW%">
		<param name="row" uri="#id_article"/>
		<field type="text" name="h1" label="H1" size="60" uri="#h1"/>
		<fieldset>
			<field type="text" name="title" label="Title" size="60" uri="#title"/>
			<field type="textarea" name="keywords" label="Keywords" uri="#keywords"/>
			<field type="textarea" name="description" label="Description" uri="#description"/>
		</fieldset>
		<buttonset>
			<button type="submit" value="Save" class="ok" action="update"/>
		</buttonset>
	</form>
	
	<!-- Форма настроек -->
	<form id="form_settings" title="Settings" method="post" autocheck="autocheck" baseURI="file:///%PATH_DATA_FILE_AP%?/section/modules/module[@id='%MODULE%']">
		<param name="row" uri="/@id"/>
		<field type="select" name="module" label="Articles module" uri="file:///%PATH_DATA_FILE_CLIENT%?/section/modules/module[@id='%MODULE%']/config/@module" check="empty"/>
		<buttonset>
			<button type="submit" value="Save" class="ok" action="update"/>
			<button type="submit" value="Apply" class="ok" action="apply_update"/>
			<button type="submit" value="Cancel" class="cancel" action="cancel"/>
		</buttonset>
	</form>
</data>