<?xml version="1.0" encoding="utf-8"?>
<data>
	<form id="settings" title="Settings" method="post" autocheck="autocheck" baseURI="file:///%PATH_DATA_FILE_CLIENT%?/section/modules/module[@id='%MODULE%']">
		<param name="row" uri="file:///%PATH_DATA_FILE_AP%?/section/modules/module[@id='%MODULE%']/@id"/>
		<field type="text" name="tab_title" label="Tab's title" size="40" uri="file:///%PATH_DATA_FILE_AP%?/section/modules/module[@id='%MODULE%']/@title"/>
		<field type="select" name="section" label="Section which contains data module" uri="/announce/@section" check="empty"/>
		<field type="select" name="module" label="Module" uri="/announce/@module" sectionFieldName="section" check="empty"/>
		<field type="text" name="size" label="Number of records" size="3" uri="/announce/@size" check="empty"/>
		<field type="text" name="tagname" label="XML tag name" size="20" uri="/announce/@name" check="empty"/>
		<field type="select" name="parent" label="Container (XPath query)" uri="/announce/@parent" check="empty">
			<option value="/page">/page</option>
			<option value="/page/section">/page/section</option>
		</field>
		<field type="select" name="sort" label="Order by" uri="/announce/@sort" check="empty">
			<option value="`sort` desc">Descending</option>
			<option value="`sort` asc">Ascending</option>
		</field>
		<buttonset>
			<button type="submit" value="Save" class="ok" action="update"/>
			<button type="submit" value="Apply" class="ok" action="apply_update"/>
			<button type="submit" value="Cancel" class="cancel" action="cancel"/>
		</buttonset>
	</form>
</data>