<?xml version="1.0" encoding="utf-8"?>
<module>
	<name>Articles</name>
	<version>1.4.2</version>
	<description></description>
	<data>15.01.2013</data>
</module>
<!--
История версий:

1.4.2 - 15.01.2013
onEdit и onNew не втыкают форму в _out, теперь это делается в run
добавился метод getDataXML()

1.4.1 - 27.06.2012
Очередной рефакторинг, исправлено несколько мелких багов

1.4 - 19.06.2012
Проведен рефакторинг, чтобы было легко расширяться от этого модуля

1.3.3 - 30.05.2012
Добавлено:
- Подпись к картинкам галереи

1.3.2 - 17.04.2012
Добавлено:
- Settings максимальной длинны большей стороны Images и превью
- выбор типа поля анонса

1.3.1
Пофиксил баг с удалением картинок

1.3
Добавлено:
- управление полями формы редактирования статьи
- размер превью
-->