<?xml version="1.0" encoding="utf-8"?>
<data>
	<!-- Форма редактирования -->
	<form id="form_edit" title="Change data" method="post" autocheck="autocheck" baseURI="file:///xml/structure.xml?/structure/%PATH%sec[@id='%ID%']">
		<param name="row" uri="/@id"/>
		<field type="text" name="title" label="Title" size="60" uri="/@title" check="empty"/>
		<buttonset>
			<button type="submit" value="Save" class="ok" action="update"/>
			<button type="submit" value="Apply" class="ok" action="apply_update"/>
			<button type="submit" value="Cancel" class="cancel" action="cancel"/>
		</buttonset>
	</form>
	
	<!-- Форма добавления -->
	<form id="form_add" title="Add subsection" method="post" autocheck="autocheck">
		<field type="text" name="title" label="Title" size="60" check="empty"/>
		<field type="text" name="alias" label="URL" size="40" check="sectionId" sectionTitleField="title"/>
		<buttonset>
			<button type="submit" value="Save" class="ok" action="add"/>
			<button type="submit" value="Apply" class="ok" action="apply_add"/>
			<button type="submit" value="Cancel" class="cancel" action="cancel"/>
		</buttonset>
	</form>
	
	<!-- Список записей -->
	<rowlist id="list" pageSize="10" add="add" delete="delete">
		<col name="sort" header="№"/>
		<col name="title" header="Title"/>
		<buttons>
			<button action="edit" title="Edit"/>
			<button action="delete" title="Delete"/>
			<button action="move" title="Move"/>
		</buttons>
	</rowlist>
	
	<!-- Settings -->
	<form id="settings" title="Settings" method="post" autocheck="autocheck" baseURI="file:///ap/xml/data/%ID%.xml?/section/modules/module[@id='%MD%']">
		<param name="row" uri="/@id"/>
		<field type="text" name="tab_title" label="Tab title" size="40" uri="/@title"/>
		<field type="select" name="section_template" label="Template for new templates" uri="/template/@id">
			<option value="">...</option>
		</field>
		<buttonset>
			<button type="submit" value="Save" class="ok" action="update"/>
			<button type="submit" value="Apply" class="ok" action="apply_update"/>
			<button type="submit" value="Cancel" class="cancel" action="cancel"/>
		</buttonset>
	</form>
</data>