<?xml version="1.0" encoding="utf-8"?><section><modules><module id="m1" title="Partition types" name="apSectionTemplate"><rowlist id="section_list" pageSize="10" delete="delete"><col name="sort" header="#"/><col name="title" header="Title"/><buttons><button action="delete" title="Delete"/></buttons></rowlist><packages><package id="p2" title="service_detail"><section _ap="_ap"><modules><module id="m1" name="apContent" title="Content"><form title="Edit section" id="content_form" method="post" autocheck="autocheck" baseURI="file:///xml/data/%ID%.xml?/section/modules/module[@id='%MD%']"><field type="html" name="content" label="Content" uri="/html" height="350"/><field type="image" name="gallery" label="Images" uri="/photos" baseURI="file:///userfiles/services" max="50" hasTitle="hasTitle"><param name="label" uri="/%IMG_NAME%.jpg?max=1280"/><param name="label" uri="/%IMG_NAME%_preview.jpg?w=150" preview="preview"/></field><buttonset><button type="submit" value="Save" class="ok" action="save"/></buttonset></form></module><module id="m2" name="apMeta" title="Meta Tags"><form title="Editing meta tags" id="meta_form" method="post" autocheck="autocheck" baseURI="file:///xml/data/%ID%.xml?/section/modules/module[@id='%MD%']"><field type="text" name="title" label="Title" size="60" uri="/title"/><field type="text" name="keywords" label="Keywords" size="60" uri="/keywords"/><field type="text" name="description" label="Description" size="60" uri="/description"/><buttonset><button type="submit" value="Save" class="ok" action="save"/></buttonset></form></module></modules></section><section _cl="_cl"><modules><module id="m1" name="content" title="Service"><services name="gallery"/><html/><photos name="gallery"/></module><module id="m2" name="meta" title="Meta Tags"><title/><keywords/><description/></module></modules><template id="default"><template id="service_detail"/></template></section></package></packages></module></modules></section>